[{"model": "pydb4.product", "pk": 4, "fields": {"name": "EvenFlow Sheath Set", "reference_id": "123123", "expiry_date": "2023-06-01T00:00:00Z", "ref_id_expiry_date": "123123-2023-06-01", "is_purchased": true, "size": "10*10*100", "barcode": "N/A", "quantity_on_hand": 5, "quantity_on_order": 0, "last_modified": "2023-06-01T00:00:00Z", "vendor": "1"}}, {"model": "pydb4.product", "pk": 30, "fields": {"name": "Ranger Paclitaxel-Coated PTA Balloon Catheter OTW 5F (018)", "reference_id": "H74939419701510", "expiry_date": "2023-06-24T00:00:00Z", "ref_id_expiry_date": "H74939419701510***2023-06-24", "is_purchased": false, "size": "7mm-150mm-150cm", "barcode": "N/A", "quantity_on_hand": 1, "quantity_on_order": 0, "last_modified": "2023-06-02T00:00:00Z", "vendor": "1"}}, {"model": "pydb4.product", "pk": 21, "fields": {"name": "Ranger Paclitaxel-Coated PTA Balloon Catheter OTW 5F (018)", "reference_id": "H74939419500880", "expiry_date": "2023-07-27T00:00:00Z", "ref_id_expiry_date": "H74939419500880***2023-07-27", "is_purchased": false, "size": "5mm-80mm-80cm", "barcode": "N/A", "quantity_on_hand": 1, "quantity_on_order": 0, "last_modified": "2023-06-02T00:00:00Z", "vendor": "1"}}, {"model": "pydb4.product", "pk": 12, "fields": {"name": "ELUVIA Drug-Eluting Vascular Stent System OTW (035)", "reference_id": "H74939294700810", "expiry_date": "2023-08-06T00:00:00Z", "ref_id_expiry_date": "H74939294700810***2023-08-06", "is_purchased": false, "size": "7mm-80mm-130cm", "barcode": "N/A", "quantity_on_hand": 1, "quantity_on_order": 0, "last_modified": "2023-06-02T00:00:00Z", "vendor": "1"}}, {"model": "pydb4.product", "pk": 32, "fields": {"name": "Ranger Paclitaxel-Coated PTA Balloon Catheter OTW 5F (018)", "reference_id": "H74939419702010", "expiry_date": "2023-08-10T00:00:00Z", "ref_id_expiry_date": "H74939419702010***2023-08-10", "is_purchased": false, "size": "7mm-200mm-150cm", "barcode": "N/A", "quantity_on_hand": 1, "quantity_on_order": 0, "last_modified": "2023-06-02T00:00:00Z", "vendor": "1"}}, {"model": "pydb4.product", "pk": 8, "fields": {"name": "ELUVIA Drug-Eluting Vascular Stent System OTW (035)", "reference_id": "H74939294601010", "expiry_date": "2023-08-19T00:00:00Z", "ref_id_expiry_date": "H74939294601010***2023-08-19", "is_purchased": false, "size": "6mm-100mm-130cm", "barcode": "N/A", "quantity_on_hand": 1, "quantity_on_order": 0, "last_modified": "2023-06-02T00:00:00Z", "vendor": "1"}}, {"model": "pydb4.product", "pk": 9, "fields": {"name": "ELUVIA Drug-Eluting Vascular Stent System OTW (035)", "reference_id": "H74939294601210", "expiry_date": "2023-09-21T00:00:00Z", "ref_id_expiry_date": "H74939294601210***2023-09-21", "is_purchased": false, "size": "6mm-120mm-130cm", "barcode": "N/A", "quantity_on_hand": 1, "quantity_on_order": 0, "last_modified": "2023-06-02T00:00:00Z", "vendor": "1"}}, {"model": "pydb4.product", "pk": 10, "fields": {"name": "ELUVIA Drug-Eluting Vascular Stent System OTW (035)", "reference_id": "H74939294700410", "expiry_date": "2023-09-21T00:00:00Z", "ref_id_expiry_date": "H74939294700410***2023-09-21", "is_purchased": false, "size": "7mm-40mm-130cm", "barcode": "N/A", "quantity_on_hand": 1, "quantity_on_order": 0, "last_modified": "2023-06-02T00:00:00Z", "vendor": "1"}}, {"model": "pydb4.product", "pk": 14, "fields": {"name": "ELUVIA Drug-Eluting Vascular Stent System OTW (035)", "reference_id": "H74939294701210", "expiry_date": "2023-09-21T00:00:00Z", "ref_id_expiry_date": "H74939294701210***2023-09-21", "is_purchased": false, "size": "7mm-120mm-130cm", "barcode": "N/A", "quantity_on_hand": 1, "quantity_on_order": 0, "last_modified": "2023-06-02T00:00:00Z", "vendor": "1"}}, {"model": "pydb4.product", "pk": 163, "fields": {"name": "ELUVIA Drug-Eluting Vascular Stent System OTW (035)", "reference_id": "H74939294600410", "expiry_date": "2023-10-09T00:00:00Z", "ref_id_expiry_date": "H74939294600410***2023-10-09", "is_purchased": false, "size": "6mm-40mm-130cm", "barcode": "N/A", "quantity_on_hand": 1, "quantity_on_order": 0, "last_modified": "2023-06-05T00:00:00Z", "vendor": "1"}}, {"model": "pydb4.product", "pk": 6, "fields": {"name": "ELUVIA Drug-Eluting Vascular Stent System OTW (035)", "reference_id": "H74939294600610", "expiry_date": "2023-11-05T00:00:00Z", "ref_id_expiry_date": "H74939294600610***2023-11-05", "is_purchased": false, "size": "6mm-60mm-130cm", "barcode": "N/A", "quantity_on_hand": 1, "quantity_on_order": 0, "last_modified": "2023-06-02T00:00:00Z", "vendor": "1"}}, {"model": "pydb4.product", "pk": 7, "fields": {"name": "ELUVIA Drug-Eluting Vascular Stent System OTW (035)", "reference_id": "H74939294600810", "expiry_date": "2023-11-05T00:00:00Z", "ref_id_expiry_date": "H74939294600810***2023-11-05", "is_purchased": false, "size": "6mm-80mm-130cm", "barcode": "N/A", "quantity_on_hand": 1, "quantity_on_order": 0, "last_modified": "2023-06-02T00:00:00Z", "vendor": "1"}}, {"model": "pydb4.product", "pk": 11, "fields": {"name": "ELUVIA Drug-Eluting Vascular Stent System OTW (035)", "reference_id": "H74939294700610", "expiry_date": "2023-11-05T00:00:00Z", "ref_id_expiry_date": "H74939294700610***2023-11-05", "is_purchased": false, "size": "7mm-60mm-130cm", "barcode": "N/A", "quantity_on_hand": 1, "quantity_on_order": 0, "last_modified": "2023-06-02T00:00:00Z", "vendor": "1"}}, {"model": "pydb4.product", "pk": 13, "fields": {"name": "ELUVIA Drug-Eluting Vascular Stent System OTW (035)", "reference_id": "H74939294701010", "expiry_date": "2023-11-12T00:00:00Z", "ref_id_expiry_date": "H74939294701010***2023-11-12", "is_purchased": false, "size": "7mm-100mm-130cm", "barcode": "N/A", "quantity_on_hand": 1, "quantity_on_order": 0, "last_modified": "2023-06-02T00:00:00Z", "vendor": "1"}}, {"model": "pydb4.product", "pk": 87, "fields": {"name": "Sterling SL (Monorail) PTA Balloon Dilatation Catheter 4F (018)", "reference_id": "H74939147358010", "expiry_date": "2023-12-20T00:00:00Z", "ref_id_expiry_date": "H74939147358010***2023-12-20", "is_purchased": false, "size": "3.5mm-80mm-150cm", "barcode": "N/A", "quantity_on_hand": 1, "quantity_on_order": 0, "last_modified": "2023-06-02T00:00:00Z", "vendor": "1"}}, {"model": "pydb4.product", "pk": 20, "fields": {"name": "Ranger Paclitaxel-Coated PTA Balloon Catheter OTW 5F (018)", "reference_id": "H74939419500610", "expiry_date": "2024-01-04T00:00:00Z", "ref_id_expiry_date": "H74939419500610***2024-01-04", "is_purchased": false, "size": "5mm-60mm-135cm", "barcode": "N/A", "quantity_on_hand": 1, "quantity_on_order": 0, "last_modified": "2023-06-02T00:00:00Z", "vendor": "1"}}, {"model": "pydb4.product", "pk": 25, "fields": {"name": "Ranger Paclitaxel-Coated PTA Balloon Catheter OTW 5F (018)", "reference_id": "H74939419600410", "expiry_date": "2024-01-04T00:00:00Z", "ref_id_expiry_date": "H74939419600410***2024-01-04", "is_purchased": false, "size": "6mm-40mm-135cm", "barcode": "N/A", "quantity_on_hand": 1, "quantity_on_order": 0, "last_modified": "2023-06-02T00:00:00Z", "vendor": "1"}}, {"model": "pydb4.product", "pk": 18, "fields": {"name": "Ranger Paclitaxel-Coated PTA Balloon Catheter OTW 5F (018)", "reference_id": "H74939419402010", "expiry_date": "2024-01-10T00:00:00Z", "ref_id_expiry_date": "H74939419402010***2024-01-10", "is_purchased": false, "size": "4mm-200mm-150cm", "barcode": "N/A", "quantity_on_hand": 1, "quantity_on_order": 0, "last_modified": "2023-06-02T00:00:00Z", "vendor": "1"}}, {"model": "pydb4.product", "pk": 23, "fields": {"name": "Ranger Paclitaxel-Coated PTA Balloon Catheter OTW 5F (018)", "reference_id": "H74939419501210", "expiry_date": "2024-01-10T00:00:00Z", "ref_id_expiry_date": "H74939419501210***2024-01-10", "is_purchased": false, "size": "5mm-120mm-150cm", "barcode": "N/A", "quantity_on_hand": 1, "quantity_on_order": 0, "last_modified": "2023-06-02T00:00:00Z", "vendor": "1"}}, {"model": "pydb4.product", "pk": 24, "fields": {"name": "Ranger Paclitaxel-Coated PTA Balloon Catheter OTW 5F (018)", "reference_id": "H74939419501510", "expiry_date": "2024-01-10T00:00:00Z", "ref_id_expiry_date": "H74939419501510***2024-01-10", "is_purchased": false, "size": "5mm-150mm-150cm", "barcode": "N/A", "quantity_on_hand": 2, "quantity_on_order": 0, "last_modified": "2023-06-02T00:00:00Z", "vendor": "1"}}, {"model": "pydb4.product", "pk": 31, "fields": {"name": "Ranger Paclitaxel-Coated PTA Balloon Catheter OTW 5F (018)", "reference_id": "H74939419701010", "expiry_date": "2024-01-10T00:00:00Z", "ref_id_expiry_date": "H74939419701010***2024-01-10", "is_purchased": false, "size": "7mm-100mm-135cm", "barcode": "N/A", "quantity_on_hand": 2, "quantity_on_order": 0, "last_modified": "2023-06-02T00:00:00Z", "vendor": "1"}}, {"model": "pydb4.product", "pk": 78, "fields": {"name": "Sterling SL (Monorail) PTA Balloon Dilatation Catheter 4F (018)", "reference_id": "H74939147208010", "expiry_date": "2024-01-11T00:00:00Z", "ref_id_expiry_date": "H74939147208010***2024-01-11", "is_purchased": false, "size": "2mm-80mm-150cm", "barcode": "N/A", "quantity_on_hand": 1, "quantity_on_order": 0, "last_modified": "2023-06-02T00:00:00Z", "vendor": "1"}}, {"model": "pydb4.product", "pk": 172, "fields": {"name": "AngioJet Solent Omni (OTW) Thrombectomy Set", "reference_id": "109681-001", "expiry_date": "2024-01-11T00:00:00Z", "ref_id_expiry_date": "109681-001***2024-01-11", "is_purchased": true, "size": "120cm-6Fr", "barcode": "N/A", "quantity_on_hand": 1, "quantity_on_order": 0, "last_modified": "2023-06-08T00:00:00Z", "vendor": "1"}}, {"model": "pydb4.product", "pk": 85, "fields": {"name": "Sterling SL (Monorail) PTA Balloon Dilatation Catheter 4F (018)", "reference_id": "H74939147301010", "expiry_date": "2024-01-14T00:00:00Z", "ref_id_expiry_date": "H74939147301010***2024-01-14", "is_purchased": false, "size": "3mm-100mm-150cm", "barcode": "N/A", "quantity_on_hand": 1, "quantity_on_order": 0, "last_modified": "2023-06-02T00:00:00Z", "vendor": "1"}}, {"model": "pydb4.product", "pk": 29, "fields": {"name": "Ranger Paclitaxel-Coated PTA Balloon Catheter OTW 5F (018)", "reference_id": "H74939419601510", "expiry_date": "2024-01-25T00:00:00Z", "ref_id_expiry_date": "H74939419601510***2024-01-25", "is_purchased": false, "size": "6mm-150mm-150cm", "barcode": "N/A", "quantity_on_hand": 1, "quantity_on_order": 0, "last_modified": "2023-06-02T00:00:00Z", "vendor": "1"}}, {"model": "pydb4.product", "pk": 17, "fields": {"name": "Ranger Paclitaxel-Coated PTA Balloon Catheter OTW 5F (018)", "reference_id": "H74939419401510", "expiry_date": "2024-01-27T00:00:00Z", "ref_id_expiry_date": "H74939419401510***2024-01-27", "is_purchased": false, "size": "4mm-150mm-150cm", "barcode": "N/A", "quantity_on_hand": 1, "quantity_on_order": 0, "last_modified": "2023-06-02T00:00:00Z", "vendor": "1"}}, {"model": "pydb4.product", "pk": 22, "fields": {"name": "Ranger Paclitaxel-Coated PTA Balloon Catheter OTW 5F (018)", "reference_id": "H74939419501080", "expiry_date": "2024-01-27T00:00:00Z", "ref_id_expiry_date": "H74939419501080***2024-01-27", "is_purchased": false, "size": "5mm-100mm-80cm", "barcode": "N/A", "quantity_on_hand": 1, "quantity_on_order": 0, "last_modified": "2023-06-02T00:00:00Z", "vendor": "1"}}, {"model": "pydb4.product", "pk": 27, "fields": {"name": "Ranger Paclitaxel-Coated PTA Balloon Catheter OTW 5F (018)", "reference_id": "H74939419601010", "expiry_date": "2024-01-27T00:00:00Z", "ref_id_expiry_date": "H74939419601010***2024-01-27", "is_purchased": false, "size": "6mm-100mm-135cm", "barcode": "N/A", "quantity_on_hand": 1, "quantity_on_order": 0, "last_modified": "2023-06-02T00:00:00Z", "vendor": "1"}}, {"model": "pydb4.product", "pk": 171, "fields": {"name": "AngioJet Solent Dista (OTW) Thrombectomy Set", "reference_id": "111303-001", "expiry_date": "2024-01-29T00:00:00Z", "ref_id_expiry_date": "111303-001***2024-01-29", "is_purchased": true, "size": "145cm-4Fr", "barcode": "N/A", "quantity_on_hand": 1, "quantity_on_order": 0, "last_modified": "2023-06-08T00:00:00Z", "vendor": "1"}}, {"model": "pydb4.product", "pk": 79, "fields": {"name": "Sterling SL (Monorail) PTA Balloon Dilatation Catheter 4F (018)", "reference_id": "H74939147201010", "expiry_date": "2024-02-03T00:00:00Z", "ref_id_expiry_date": "H74939147201010***2024-02-03", "is_purchased": false, "size": "2mm-100mm-150cm", "barcode": "N/A", "quantity_on_hand": 1, "quantity_on_order": 0, "last_modified": "2023-06-02T00:00:00Z", "vendor": "1"}}, {"model": "pydb4.product", "pk": 80, "fields": {"name": "Sterling SL (Monorail) PTA Balloon Dilatation Catheter 4F (018)", "reference_id": "H74939147201510", "expiry_date": "2024-02-03T00:00:00Z", "ref_id_expiry_date": "H74939147201510***2024-02-03", "is_purchased": false, "size": "2mm-150mm-150cm", "barcode": "N/A", "quantity_on_hand": 1, "quantity_on_order": 0, "last_modified": "2023-06-02T00:00:00Z", "vendor": "1"}}, {"model": "pydb4.product", "pk": 83, "fields": {"name": "Sterling SL (Monorail) PTA Balloon Dilatation Catheter 4F (018)", "reference_id": "H74939147251510", "expiry_date": "2024-02-03T00:00:00Z", "ref_id_expiry_date": "H74939147251510***2024-02-03", "is_purchased": false, "size": "2.5mm-150mm-150cm", "barcode": "N/A", "quantity_on_hand": 1, "quantity_on_order": 0, "last_modified": "2023-06-02T00:00:00Z", "vendor": "1"}}, {"model": "pydb4.product", "pk": 88, "fields": {"name": "Sterling SL (Monorail) PTA Balloon Dilatation Catheter 4F (018)", "reference_id": "H74939147351010", "expiry_date": "2024-02-03T00:00:00Z", "ref_id_expiry_date": "H74939147351010***2024-02-03", "is_purchased": false, "size": "3.5mm-100mm-150cm", "barcode": "N/A", "quantity_on_hand": 1, "quantity_on_order": 0, "last_modified": "2023-06-02T00:00:00Z", "vendor": "1"}}, {"model": "pydb4.product", "pk": 170, "fields": {"name": "AngioJet Solent Dista (OTW) Thrombectomy Set", "reference_id": "111303-001", "expiry_date": "2024-02-07T00:00:00Z", "ref_id_expiry_date": "111303-001***2024-02-07", "is_purchased": true, "size": "145cm-4Fr", "barcode": "N/A", "quantity_on_hand": 1, "quantity_on_order": 0, "last_modified": "2023-06-08T00:00:00Z", "vendor": "1"}}, {"model": "pydb4.product", "pk": 28, "fields": {"name": "Ranger Paclitaxel-Coated PTA Balloon Catheter OTW 5F (018)", "reference_id": "H74939419601210", "expiry_date": "2024-02-10T00:00:00Z", "ref_id_expiry_date": "H74939419601210***2024-02-10", "is_purchased": false, "size": "6mm-120mm-150cm", "barcode": "N/A", "quantity_on_hand": 1, "quantity_on_order": 0, "last_modified": "2023-06-02T00:00:00Z", "vendor": "1"}}, {"model": "pydb4.product", "pk": 96, "fields": {"name": "Sterling SL (OTW) PTA Balloon Dilatation Catheter 4F (018)", "reference_id": "H74939148401510", "expiry_date": "2024-02-15T00:00:00Z", "ref_id_expiry_date": "H74939148401510***2024-02-15", "is_purchased": false, "size": "4mm-150mm-150cm", "barcode": "N/A", "quantity_on_hand": 1, "quantity_on_order": 0, "last_modified": "2023-06-02T00:00:00Z", "vendor": "1"}}, {"model": "pydb4.product", "pk": 19, "fields": {"name": "Ranger Paclitaxel-Coated PTA Balloon Catheter OTW 5F (018)", "reference_id": "H74939419500410", "expiry_date": "2024-02-16T00:00:00Z", "ref_id_expiry_date": "H74939419500410***2024-02-16", "is_purchased": false, "size": "5mm-40mm-135cm", "barcode": "N/A", "quantity_on_hand": 1, "quantity_on_order": 0, "last_modified": "2023-06-02T00:00:00Z", "vendor": "1"}}, {"model": "pydb4.product", "pk": 26, "fields": {"name": "Ranger Paclitaxel-Coated PTA Balloon Catheter OTW 5F (018)", "reference_id": "H74939419600810", "expiry_date": "2024-02-25T00:00:00Z", "ref_id_expiry_date": "H74939419600810***2024-02-25", "is_purchased": false, "size": "6mm-80mm-135cm", "barcode": "N/A", "quantity_on_hand": 1, "quantity_on_order": 0, "last_modified": "2023-06-02T00:00:00Z", "vendor": "1"}}, {"model": "pydb4.product", "pk": 152, "fields": {"name": "Jetstream XC (OTW) Atherectomy Catheter", "reference_id": "PV31300", "expiry_date": "2024-02-27T00:00:00Z", "ref_id_expiry_date": "PV31300***2024-02-27", "is_purchased": true, "size": "2.1mm/3.0mm-7Fr-135cm", "barcode": "N/A", "quantity_on_hand": 2, "quantity_on_order": 0, "last_modified": "2023-06-02T00:00:00Z", "vendor": "1"}}, {"model": "pydb4.product", "pk": 15, "fields": {"name": "Ranger Paclitaxel-Coated PTA Balloon Catheter OTW 5F (018)", "reference_id": "H74939419400810", "expiry_date": "2024-03-07T00:00:00Z", "ref_id_expiry_date": "H74939419400810***2024-03-07", "is_purchased": false, "size": "4mm-80mm-135cm", "barcode": "N/A", "quantity_on_hand": 1, "quantity_on_order": 0, "last_modified": "2023-06-02T00:00:00Z", "vendor": "1"}}, {"model": "pydb4.product", "pk": 84, "fields": {"name": "Sterling SL (Monorail) PTA Balloon Dilatation Catheter 4F (018)", "reference_id": "H74939147308010", "expiry_date": "2024-03-10T00:00:00Z", "ref_id_expiry_date": "H74939147308010***2024-03-10", "is_purchased": false, "size": "3mm-80mm-150cm", "barcode": "N/A", "quantity_on_hand": 1, "quantity_on_order": 0, "last_modified": "2023-06-02T00:00:00Z", "vendor": "1"}}, {"model": "pydb4.product", "pk": 173, "fields": {"name": "AngioJet Solent Omni (OTW) Thrombectomy Set", "reference_id": "109681-001", "expiry_date": "2024-03-20T00:00:00Z", "ref_id_expiry_date": "109681-001***2024-03-20", "is_purchased": true, "size": "120cm-6Fr", "barcode": "N/A", "quantity_on_hand": 1, "quantity_on_order": 0, "last_modified": "2023-06-08T00:00:00Z", "vendor": "1"}}, {"model": "pydb4.product", "pk": 81, "fields": {"name": "Sterling SL (Monorail) PTA Balloon Dilatation Catheter 4F (018)", "reference_id": "H74939147258010", "expiry_date": "2024-03-30T00:00:00Z", "ref_id_expiry_date": "H74939147258010***2024-03-30", "is_purchased": false, "size": "2.5mm-80mm-150cm", "barcode": "N/A", "quantity_on_hand": 1, "quantity_on_order": 0, "last_modified": "2023-06-02T00:00:00Z", "vendor": "1"}}, {"model": "pydb4.product", "pk": 82, "fields": {"name": "Sterling SL (Monorail) PTA Balloon Dilatation Catheter 4F (018)", "reference_id": "H74939147251010", "expiry_date": "2024-04-03T00:00:00Z", "ref_id_expiry_date": "H74939147251010***2024-04-03", "is_purchased": false, "size": "2.5mm-100mm-150cm", "barcode": "N/A", "quantity_on_hand": 1, "quantity_on_order": 0, "last_modified": "2023-06-02T00:00:00Z", "vendor": "1"}}, {"model": "pydb4.product", "pk": 86, "fields": {"name": "Sterling SL (Monorail) PTA Balloon Dilatation Catheter 4F (018)", "reference_id": "H74939147301510", "expiry_date": "2024-04-10T00:00:00Z", "ref_id_expiry_date": "H74939147301510***2024-04-10", "is_purchased": false, "size": "3mm-150mm-150cm", "barcode": "N/A", "quantity_on_hand": 1, "quantity_on_order": 0, "last_modified": "2023-06-02T00:00:00Z", "vendor": "1"}}, {"model": "pydb4.product", "pk": 89, "fields": {"name": "Sterling SL (Monorail) PTA Balloon Dilatation Catheter 4F (018)", "reference_id": "H74939147351510", "expiry_date": "2024-04-10T00:00:00Z", "ref_id_expiry_date": "H74939147351510***2024-04-10", "is_purchased": false, "size": "3.5mm-150mm-150cm", "barcode": "N/A", "quantity_on_hand": 1, "quantity_on_order": 0, "last_modified": "2023-06-02T00:00:00Z", "vendor": "1"}}, {"model": "pydb4.product", "pk": 210, "fields": {"name": "MDU5 PLUS Sterile Bag", "reference_id": "H749MDU5PLUSBAG0", "expiry_date": "2024-05-01T00:00:00Z", "ref_id_expiry_date": "H749MDU5PLUSBAG0***2024-05-01", "is_purchased": true, "size": "-", "barcode": "N/A", "quantity_on_hand": 1, "quantity_on_order": 0, "last_modified": "2023-06-05T00:00:00Z", "vendor": "1"}}, {"model": "pydb4.product", "pk": 57, "fields": {"name": "Charger PTA Balloon Dilatation Catheter (035)", "reference_id": "H74939206051010", "expiry_date": "2024-06-08T00:00:00Z", "ref_id_expiry_date": "H74939206051010***2024-06-08", "is_purchased": false, "size": "5mm-100mm-135cm", "barcode": "N/A", "quantity_on_hand": 1, "quantity_on_order": 0, "last_modified": "2023-06-02T00:00:00Z", "vendor": "1"}}, {"model": "pydb4.product", "pk": 66, "fields": {"name": "Charger PTA Balloon Dilatation Catheter (035)", "reference_id": "H74939206070410", "expiry_date": "2024-06-16T00:00:00Z", "ref_id_expiry_date": "H74939206070410***2024-06-16", "is_purchased": false, "size": "7mm-40mm-135cm", "barcode": "N/A", "quantity_on_hand": 1, "quantity_on_order": 0, "last_modified": "2023-06-02T00:00:00Z", "vendor": "1"}}, {"model": "pydb4.product", "pk": 151, "fields": {"name": "Jetstream XC (OTW) Atherectomy Catheter", "reference_id": "PV31300", "expiry_date": "2024-06-18T00:00:00Z", "ref_id_expiry_date": "PV31300***2024-06-18", "is_purchased": true, "size": "2.1mm/3.0mm-7Fr-135cm", "barcode": "N/A", "quantity_on_hand": 4, "quantity_on_order": 0, "last_modified": "2023-06-02T00:00:00Z", "vendor": "1"}}, {"model": "pydb4.product", "pk": 51, "fields": {"name": "Charger PTA Balloon Dilatation Catheter (035)", "reference_id": "H74939206041010", "expiry_date": "2024-06-21T00:00:00Z", "ref_id_expiry_date": "H74939206041010***2024-06-21", "is_purchased": false, "size": "4mm-100mm-135cm", "barcode": "N/A", "quantity_on_hand": 1, "quantity_on_order": 0, "last_modified": "2023-06-02T00:00:00Z", "vendor": "1"}}, {"model": "pydb4.product", "pk": 58, "fields": {"name": "Charger PTA Balloon Dilatation Catheter (035)", "reference_id": "H74939206051510", "expiry_date": "2024-06-23T00:00:00Z", "ref_id_expiry_date": "H74939206051510***2024-06-23", "is_purchased": false, "size": "5mm-150mm-135cm", "barcode": "N/A", "quantity_on_hand": 1, "quantity_on_order": 0, "last_modified": "2023-06-02T00:00:00Z", "vendor": "1"}}, {"model": "pydb4.product", "pk": 50, "fields": {"name": "Charger PTA Balloon Dilatation Catheter (035)", "reference_id": "H74939206040810", "expiry_date": "2024-06-28T00:00:00Z", "ref_id_expiry_date": "H74939206040810***2024-06-28", "is_purchased": false, "size": "4mm-80mm-135cm", "barcode": "N/A", "quantity_on_hand": 1, "quantity_on_order": 0, "last_modified": "2023-06-02T00:00:00Z", "vendor": "1"}}, {"model": "pydb4.product", "pk": 49, "fields": {"name": "Charger PTA Balloon Dilatation Catheter (035)", "reference_id": "H74939206040610", "expiry_date": "2024-07-01T00:00:00Z", "ref_id_expiry_date": "H74939206040610***2024-07-01", "is_purchased": false, "size": "4mm-60mm-135cm", "barcode": "N/A", "quantity_on_hand": 1, "quantity_on_order": 0, "last_modified": "2023-06-02T00:00:00Z", "vendor": "1"}}, {"model": "pydb4.product", "pk": 53, "fields": {"name": "Charger PTA Balloon Dilatation Catheter (035)", "reference_id": "H74939206042010", "expiry_date": "2024-07-01T00:00:00Z", "ref_id_expiry_date": "H74939206042010***2024-07-01", "is_purchased": false, "size": "4mm-200mm-135cm", "barcode": "N/A", "quantity_on_hand": 1, "quantity_on_order": 0, "last_modified": "2023-06-02T00:00:00Z", "vendor": "1"}}, {"model": "pydb4.product", "pk": 63, "fields": {"name": "Charger PTA Balloon Dilatation Catheter (035)", "reference_id": "H74939206061010", "expiry_date": "2024-07-05T00:00:00Z", "ref_id_expiry_date": "H74939206061010***2024-07-05", "is_purchased": false, "size": "6mm-100mm-135cm", "barcode": "N/A", "quantity_on_hand": 1, "quantity_on_order": 0, "last_modified": "2023-06-02T00:00:00Z", "vendor": "1"}}, {"model": "pydb4.product", "pk": 73, "fields": {"name": "Charger PTA Balloon Dilatation Catheter (035)", "reference_id": "H74939206060470", "expiry_date": "2024-07-07T00:00:00Z", "ref_id_expiry_date": "H74939206060470***2024-07-07", "is_purchased": false, "size": "6mm-40mm-75cm", "barcode": "N/A", "quantity_on_hand": 1, "quantity_on_order": 0, "last_modified": "2023-06-02T00:00:00Z", "vendor": "1"}}, {"model": "pydb4.product", "pk": 65, "fields": {"name": "Charger PTA Balloon Dilatation Catheter (035)", "reference_id": "H74939206062010", "expiry_date": "2024-07-20T00:00:00Z", "ref_id_expiry_date": "H74939206062010***2024-07-20", "is_purchased": false, "size": "6mm-200mm-135cm", "barcode": "N/A", "quantity_on_hand": 1, "quantity_on_order": 0, "last_modified": "2023-06-02T00:00:00Z", "vendor": "1"}}, {"model": "pydb4.product", "pk": 74, "fields": {"name": "Charger PTA Balloon Dilatation Catheter (035)", "reference_id": "H74939206070470", "expiry_date": "2024-07-20T00:00:00Z", "ref_id_expiry_date": "H74939206070470***2024-07-20", "is_purchased": false, "size": "7mm-40mm-75cm", "barcode": "N/A", "quantity_on_hand": 1, "quantity_on_order": 0, "last_modified": "2023-06-02T00:00:00Z", "vendor": "1"}}, {"model": "pydb4.product", "pk": 54, "fields": {"name": "Charger PTA Balloon Dilatation Catheter (035)", "reference_id": "H74939206050410", "expiry_date": "2024-08-04T00:00:00Z", "ref_id_expiry_date": "H74939206050410***2024-08-04", "is_purchased": false, "size": "5mm-40mm-135cm", "barcode": "N/A", "quantity_on_hand": 1, "quantity_on_order": 0, "last_modified": "2023-06-02T00:00:00Z", "vendor": "1"}}, {"model": "pydb4.product", "pk": 42, "fields": {"name": "Coyote Monorail PTA Balloon Dilatation Catheter 4F (014)", "reference_id": "H74939185351010", "expiry_date": "2024-08-05T00:00:00Z", "ref_id_expiry_date": "H74939185351010***2024-08-05", "is_purchased": false, "size": "3.5mm-100mm-150cm", "barcode": "N/A", "quantity_on_hand": 1, "quantity_on_order": 0, "last_modified": "2023-06-02T00:00:00Z", "vendor": "1"}}, {"model": "pydb4.product", "pk": 76, "fields": {"name": "Charger PTA Balloon Dilatation Catheter (035)", "reference_id": "H74939206090470", "expiry_date": "2024-08-05T00:00:00Z", "ref_id_expiry_date": "H74939206090470***2024-08-05", "is_purchased": false, "size": "9mm-40mm-75cm", "barcode": "N/A", "quantity_on_hand": 1, "quantity_on_order": 0, "last_modified": "2023-06-02T00:00:00Z", "vendor": "1"}}, {"model": "pydb4.product", "pk": 16, "fields": {"name": "Ranger Paclitaxel-Coated PTA Balloon Catheter OTW 5F (018)", "reference_id": "H74939419401210", "expiry_date": "2024-08-09T00:00:00Z", "ref_id_expiry_date": "H74939419401210***2024-08-09", "is_purchased": false, "size": "4mm-120mm-150cm", "barcode": "N/A", "quantity_on_hand": 2, "quantity_on_order": 0, "last_modified": "2023-06-02T00:00:00Z", "vendor": "1"}}, {"model": "pydb4.product", "pk": 48, "fields": {"name": "Charger PTA Balloon Dilatation Catheter (035)", "reference_id": "H74939206040410", "expiry_date": "2024-08-10T00:00:00Z", "ref_id_expiry_date": "H74939206040410***2024-08-10", "is_purchased": false, "size": "4mm-40mm-135cm", "barcode": "N/A", "quantity_on_hand": 1, "quantity_on_order": 0, "last_modified": "2023-06-02T00:00:00Z", "vendor": "1"}}, {"model": "pydb4.product", "pk": 60, "fields": {"name": "Charger PTA Balloon Dilatation Catheter (035)", "reference_id": "H74939206060410", "expiry_date": "2024-08-10T00:00:00Z", "ref_id_expiry_date": "H74939206060410***2024-08-10", "is_purchased": false, "size": "6mm-40mm-135cm", "barcode": "N/A", "quantity_on_hand": 1, "quantity_on_order": 0, "last_modified": "2023-06-02T00:00:00Z", "vendor": "1"}}, {"model": "pydb4.product", "pk": 62, "fields": {"name": "Charger PTA Balloon Dilatation Catheter (035)", "reference_id": "H74939206060810", "expiry_date": "2024-08-10T00:00:00Z", "ref_id_expiry_date": "H74939206060810***2024-08-10", "is_purchased": false, "size": "6mm-80mm-135cm", "barcode": "N/A", "quantity_on_hand": 1, "quantity_on_order": 0, "last_modified": "2023-06-02T00:00:00Z", "vendor": "1"}}, {"model": "pydb4.product", "pk": 64, "fields": {"name": "Charger PTA Balloon Dilatation Catheter (035)", "reference_id": "H74939206061510", "expiry_date": "2024-08-10T00:00:00Z", "ref_id_expiry_date": "H74939206061510***2024-08-10", "is_purchased": false, "size": "6mm-150mm-135cm", "barcode": "N/A", "quantity_on_hand": 1, "quantity_on_order": 0, "last_modified": "2023-06-02T00:00:00Z", "vendor": "1"}}, {"model": "pydb4.product", "pk": 52, "fields": {"name": "Charger PTA Balloon Dilatation Catheter (035)", "reference_id": "H74939206041510", "expiry_date": "2024-08-11T00:00:00Z", "ref_id_expiry_date": "H74939206041510***2024-08-11", "is_purchased": false, "size": "4mm-150mm-135cm", "barcode": "N/A", "quantity_on_hand": 1, "quantity_on_order": 0, "last_modified": "2023-06-02T00:00:00Z", "vendor": "1"}}, {"model": "pydb4.product", "pk": 59, "fields": {"name": "Charger PTA Balloon Dilatation Catheter (035)", "reference_id": "H74939206052010", "expiry_date": "2024-08-11T00:00:00Z", "ref_id_expiry_date": "H74939206052010***2024-08-11", "is_purchased": false, "size": "5mm-200mm-135cm", "barcode": "N/A", "quantity_on_hand": 1, "quantity_on_order": 0, "last_modified": "2023-06-02T00:00:00Z", "vendor": "1"}}, {"model": "pydb4.product", "pk": 77, "fields": {"name": "Charger PTA Balloon Dilatation Catheter (035)", "reference_id": "H74939206100470", "expiry_date": "2024-08-12T00:00:00Z", "ref_id_expiry_date": "H74939206100470***2024-08-12", "is_purchased": false, "size": "10mm-40mm-75cm", "barcode": "N/A", "quantity_on_hand": 1, "quantity_on_order": 0, "last_modified": "2023-06-02T00:00:00Z", "vendor": "1"}}, {"model": "pydb4.product", "pk": 55, "fields": {"name": "Charger PTA Balloon Dilatation Catheter (035)", "reference_id": "H74939206050610", "expiry_date": "2024-08-16T00:00:00Z", "ref_id_expiry_date": "H74939206050610***2024-08-16", "is_purchased": false, "size": "5mm-60mm-135cm", "barcode": "N/A", "quantity_on_hand": 1, "quantity_on_order": 0, "last_modified": "2023-06-02T00:00:00Z", "vendor": "1"}}, {"model": "pydb4.product", "pk": 72, "fields": {"name": "Charger PTA Balloon Dilatation Catheter (035)", "reference_id": "H74939206050470", "expiry_date": "2024-08-17T00:00:00Z", "ref_id_expiry_date": "H74939206050470***2024-08-17", "is_purchased": false, "size": "5mm-40mm-75cm", "barcode": "N/A", "quantity_on_hand": 1, "quantity_on_order": 0, "last_modified": "2023-06-02T00:00:00Z", "vendor": "1"}}, {"model": "pydb4.product", "pk": 68, "fields": {"name": "Charger PTA Balloon Dilatation Catheter (035)", "reference_id": "H74939206070810", "expiry_date": "2024-08-18T00:00:00Z", "ref_id_expiry_date": "H74939206070810***2024-08-18", "is_purchased": false, "size": "7mm-80mm-135cm", "barcode": "N/A", "quantity_on_hand": 1, "quantity_on_order": 0, "last_modified": "2023-06-02T00:00:00Z", "vendor": "1"}}, {"model": "pydb4.product", "pk": 75, "fields": {"name": "Charger PTA Balloon Dilatation Catheter (035)", "reference_id": "H74939206080470", "expiry_date": "2024-08-22T00:00:00Z", "ref_id_expiry_date": "H74939206080470***2024-08-22", "is_purchased": false, "size": "8mm-40mm-75cm", "barcode": "N/A", "quantity_on_hand": 1, "quantity_on_order": 0, "last_modified": "2023-06-02T00:00:00Z", "vendor": "1"}}, {"model": "pydb4.product", "pk": 69, "fields": {"name": "Charger PTA Balloon Dilatation Catheter (035)", "reference_id": "H74939206071010", "expiry_date": "2024-08-24T00:00:00Z", "ref_id_expiry_date": "H74939206071010***2024-08-24", "is_purchased": false, "size": "7mm-100mm-135cm", "barcode": "N/A", "quantity_on_hand": 1, "quantity_on_order": 0, "last_modified": "2023-06-02T00:00:00Z", "vendor": "1"}}, {"model": "pydb4.product", "pk": 71, "fields": {"name": "Charger PTA Balloon Dilatation Catheter (035)", "reference_id": "H74939206072010", "expiry_date": "2024-08-24T00:00:00Z", "ref_id_expiry_date": "H74939206072010***2024-08-24", "is_purchased": false, "size": "7mm-200mm-135cm", "barcode": "N/A", "quantity_on_hand": 1, "quantity_on_order": 0, "last_modified": "2023-06-02T00:00:00Z", "vendor": "1"}}, {"model": "pydb4.product", "pk": 43, "fields": {"name": "Coyote Monorail PTA Balloon Dilatation Catheter 4F (014)", "reference_id": "H74939185351510", "expiry_date": "2024-08-26T00:00:00Z", "ref_id_expiry_date": "H74939185351510***2024-08-26", "is_purchased": false, "size": "3.5mm-150mm-150cm", "barcode": "N/A", "quantity_on_hand": 1, "quantity_on_order": 0, "last_modified": "2023-06-02T00:00:00Z", "vendor": "1"}}, {"model": "pydb4.product", "pk": 70, "fields": {"name": "Charger PTA Balloon Dilatation Catheter (035)", "reference_id": "H74939206071510", "expiry_date": "2024-09-13T00:00:00Z", "ref_id_expiry_date": "H74939206071510***2024-09-13", "is_purchased": false, "size": "7mm-150mm-135cm", "barcode": "N/A", "quantity_on_hand": 1, "quantity_on_order": 0, "last_modified": "2023-06-02T00:00:00Z", "vendor": "1"}}, {"model": "pydb4.product", "pk": 174, "fields": {"name": "AngioJet AVX (OTW) Thrombectomy Set", "reference_id": "105039-001", "expiry_date": "2024-09-16T00:00:00Z", "ref_id_expiry_date": "105039-001***2024-09-16", "is_purchased": true, "size": "50cm-6Fr", "barcode": "N/A", "quantity_on_hand": 5, "quantity_on_order": 0, "last_modified": "2023-06-08T00:00:00Z", "vendor": "1"}}, {"model": "pydb4.product", "pk": 37, "fields": {"name": "Coyote Monorail PTA Balloon Dilatation Catheter 4F (014)", "reference_id": "H74939185251510", "expiry_date": "2024-09-26T00:00:00Z", "ref_id_expiry_date": "H74939185251510***2024-09-26", "is_purchased": false, "size": "2.5mm-150mm-150cm", "barcode": "N/A", "quantity_on_hand": 1, "quantity_on_order": 0, "last_modified": "2023-06-02T00:00:00Z", "vendor": "1"}}, {"model": "pydb4.product", "pk": 133, "fields": {"name": "Express LD Iliac/Biliary (OTW) Premounted Stent System 6F-7F (035) ", "reference_id": "H74938046860750", "expiry_date": "2024-10-04T00:00:00Z", "ref_id_expiry_date": "H74938046860750***2024-10-04", "is_purchased": false, "size": "8mm-57mm-75cm", "barcode": "N/A", "quantity_on_hand": 2, "quantity_on_order": 0, "last_modified": "2023-06-02T00:00:00Z", "vendor": "1"}}, {"model": "pydb4.product", "pk": 39, "fields": {"name": "Coyote Monorail PTA Balloon Dilatation Catheter 4F (014)", "reference_id": "H74939185301010", "expiry_date": "2024-10-05T00:00:00Z", "ref_id_expiry_date": "H74939185301010***2024-10-05", "is_purchased": false, "size": "3mm-100mm-150cm", "barcode": "N/A", "quantity_on_hand": 1, "quantity_on_order": 0, "last_modified": "2023-06-02T00:00:00Z", "vendor": "1"}}, {"model": "pydb4.product", "pk": 45, "fields": {"name": "Coyote Monorail PTA Balloon Dilatation Catheter 4F (014)", "reference_id": "H74939185401010", "expiry_date": "2024-10-11T00:00:00Z", "ref_id_expiry_date": "H74939185401010***2024-10-11", "is_purchased": false, "size": "4mm-100mm-150cm", "barcode": "N/A", "quantity_on_hand": 1, "quantity_on_order": 0, "last_modified": "2023-06-02T00:00:00Z", "vendor": "1"}}, {"model": "pydb4.product", "pk": 130, "fields": {"name": "Express LD Iliac/Biliary (OTW) Premounted Stent System 6F-7F (035) ", "reference_id": "H74938046740750", "expiry_date": "2024-10-21T00:00:00Z", "ref_id_expiry_date": "H74938046740750***2024-10-21", "is_purchased": false, "size": "7mm-37mm-75cm", "barcode": "N/A", "quantity_on_hand": 2, "quantity_on_order": 0, "last_modified": "2023-06-02T00:00:00Z", "vendor": "1"}}, {"model": "pydb4.product", "pk": 146, "fields": {"name": "Innova Vascular (OTW) Self-Expanding Stent System (035)", "reference_id": "H74939293071030", "expiry_date": "2024-10-26T00:00:00Z", "ref_id_expiry_date": "H74939293071030***2024-10-26", "is_purchased": false, "size": "7mm-100mm-130cm", "barcode": "N/A", "quantity_on_hand": 1, "quantity_on_order": 0, "last_modified": "2023-06-02T00:00:00Z", "vendor": "1"}}, {"model": "pydb4.product", "pk": 131, "fields": {"name": "Express LD Iliac/Biliary (OTW) Premounted Stent System 6F-7F (035) ", "reference_id": "H74938046760750", "expiry_date": "2024-10-27T00:00:00Z", "ref_id_expiry_date": "H74938046760750***2024-10-27", "is_purchased": false, "size": "7mm-57mm-75cm", "barcode": "N/A", "quantity_on_hand": 2, "quantity_on_order": 0, "last_modified": "2023-06-02T00:00:00Z", "vendor": "1"}}, {"model": "pydb4.product", "pk": 132, "fields": {"name": "Express LD Iliac/Biliary (OTW) Premounted Stent System 6F-7F (035) ", "reference_id": "H74938046840750", "expiry_date": "2024-10-27T00:00:00Z", "ref_id_expiry_date": "H74938046840750***2024-10-27", "is_purchased": false, "size": "8mm-37mm-75cm", "barcode": "N/A", "quantity_on_hand": 2, "quantity_on_order": 0, "last_modified": "2023-06-02T00:00:00Z", "vendor": "1"}}, {"model": "pydb4.product", "pk": 67, "fields": {"name": "Charger PTA Balloon Dilatation Catheter (035)", "reference_id": "H74939206070610", "expiry_date": "2024-10-31T00:00:00Z", "ref_id_expiry_date": "H74939206070610***2024-10-31", "is_purchased": false, "size": "7mm-60mm-135cm", "barcode": "N/A", "quantity_on_hand": 1, "quantity_on_order": 0, "last_modified": "2023-06-02T00:00:00Z", "vendor": "1"}}, {"model": "pydb4.product", "pk": 134, "fields": {"name": "Express LD Iliac/Biliary (OTW) Premounted Stent System 6F-7F (035) ", "reference_id": "H74938046940750", "expiry_date": "2024-11-07T00:00:00Z", "ref_id_expiry_date": "H74938046940750***2024-11-07", "is_purchased": false, "size": "9mm-37mm-75cm", "barcode": "N/A", "quantity_on_hand": 2, "quantity_on_order": 0, "last_modified": "2023-06-02T00:00:00Z", "vendor": "1"}}, {"model": "pydb4.product", "pk": 135, "fields": {"name": "Express LD Iliac/Biliary (OTW) Premounted Stent System 6F-7F (035) ", "reference_id": "H74938046960750", "expiry_date": "2024-11-08T00:00:00Z", "ref_id_expiry_date": "H74938046960750***2024-11-08", "is_purchased": false, "size": "9mm-57mm-75cm", "barcode": "N/A", "quantity_on_hand": 2, "quantity_on_order": 0, "last_modified": "2023-06-02T00:00:00Z", "vendor": "1"}}, {"model": "pydb4.product", "pk": 33, "fields": {"name": "Coyote Monorail PTA Balloon Dilatation Catheter 4F (014)", "reference_id": "H74939185201010", "expiry_date": "2024-11-14T00:00:00Z", "ref_id_expiry_date": "H74939185201010***2024-11-14", "is_purchased": false, "size": "2mm-100mm-150cm", "barcode": "N/A", "quantity_on_hand": 1, "quantity_on_order": 0, "last_modified": "2023-06-02T00:00:00Z", "vendor": "1"}}, {"model": "pydb4.product", "pk": 160, "fields": {"name": "OptiCross 18 30MHz Peripheral Imaging Catheter (018)", "reference_id": "H7493932800180", "expiry_date": "2024-11-21T00:00:00Z", "ref_id_expiry_date": "H7493932800180***2024-11-21", "is_purchased": true, "size": "3.6Fr-135cm", "barcode": "N/A", "quantity_on_hand": 34, "quantity_on_order": 0, "last_modified": "2023-06-02T00:00:00Z", "vendor": "1"}}, {"model": "pydb4.product", "pk": 56, "fields": {"name": "Charger PTA Balloon Dilatation Catheter (035)", "reference_id": "H74939206050810", "expiry_date": "2024-11-28T00:00:00Z", "ref_id_expiry_date": "H74939206050810***2024-11-28", "is_purchased": false, "size": "5mm-80mm-135cm", "barcode": "N/A", "quantity_on_hand": 1, "quantity_on_order": 0, "last_modified": "2023-06-02T00:00:00Z", "vendor": "1"}}, {"model": "pydb4.product", "pk": 166, "fields": {"name": "OptiCross 35 15MHz (OTW) Peripheral Imaging Catheter", "reference_id": "H7493932800350", "expiry_date": "2024-12-08T00:00:00Z", "ref_id_expiry_date": "H7493932800350***2024-12-08", "is_purchased": true, "size": "8Fr-105cm", "barcode": "N/A", "quantity_on_hand": 1, "quantity_on_order": 0, "last_modified": "2023-06-05T00:00:00Z", "vendor": "1"}}, {"model": "pydb4.product", "pk": 61, "fields": {"name": "Charger PTA Balloon Dilatation Catheter (035)", "reference_id": "H74939206060610", "expiry_date": "2024-12-15T00:00:00Z", "ref_id_expiry_date": "H74939206060610***2024-12-15", "is_purchased": false, "size": "6mm-60mm-135cm", "barcode": "N/A", "quantity_on_hand": 1, "quantity_on_order": 0, "last_modified": "2023-06-02T00:00:00Z", "vendor": "1"}}, {"model": "pydb4.product", "pk": 95, "fields": {"name": "Sterling (Monorail) PTA Balloon Dilatation Catheter 4F (018)", "reference_id": "H74939031406010", "expiry_date": "2024-12-19T00:00:00Z", "ref_id_expiry_date": "H74939031406010***2024-12-19", "is_purchased": false, "size": "4mm-60mm-135cm", "barcode": "N/A", "quantity_on_hand": 1, "quantity_on_order": 0, "last_modified": "2023-06-02T00:00:00Z", "vendor": "1"}}, {"model": "pydb4.product", "pk": 41, "fields": {"name": "Coyote Monorail PTA Balloon Dilatation Catheter 4F (014)", "reference_id": "H74939185302210", "expiry_date": "2024-12-21T00:00:00Z", "ref_id_expiry_date": "H74939185302210***2024-12-21", "is_purchased": false, "size": "3mm-220mm-150cm", "barcode": "N/A", "quantity_on_hand": 1, "quantity_on_order": 0, "last_modified": "2023-06-02T00:00:00Z", "vendor": "1"}}, {"model": "pydb4.product", "pk": 161, "fields": {"name": "OptiCross 18 30MHz Peripheral Imaging Catheter (018)", "reference_id": "H7493932800180", "expiry_date": "2024-12-21T00:00:00Z", "ref_id_expiry_date": "H7493932800180***2024-12-21", "is_purchased": true, "size": "3.6Fr-135cm", "barcode": "N/A", "quantity_on_hand": 12, "quantity_on_order": 0, "last_modified": "2023-06-02T00:00:00Z", "vendor": "1"}}, {"model": "pydb4.product", "pk": 128, "fields": {"name": "Express SD Renal/Biliary (Monorail) Premounted Stent System 5F (018)", "reference_id": "H74937911614150", "expiry_date": "2024-12-26T00:00:00Z", "ref_id_expiry_date": "H74937911614150***2024-12-26", "is_purchased": false, "size": "6mm-14mm-150cm", "barcode": "N/A", "quantity_on_hand": 1, "quantity_on_order": 0, "last_modified": "2023-06-02T00:00:00Z", "vendor": "1"}}, {"model": "pydb4.product", "pk": 129, "fields": {"name": "Express SD Renal/Biliary (Monorail) Premounted Stent System 5F (018)", "reference_id": "H74937912618150", "expiry_date": "2024-12-26T00:00:00Z", "ref_id_expiry_date": "H74937912618150***2024-12-26", "is_purchased": false, "size": "6mm-18mm-150cm", "barcode": "N/A", "quantity_on_hand": 1, "quantity_on_order": 0, "last_modified": "2023-06-02T00:00:00Z", "vendor": "1"}}, {"model": "pydb4.product", "pk": 209, "fields": {"name": "MDU5 PLUS Sterile Bag", "reference_id": "H749MDU5PLUSBAG0", "expiry_date": "2025-01-01T00:00:00Z", "ref_id_expiry_date": "H749MDU5PLUSBAG0***2025-01-01", "is_purchased": true, "size": "-", "barcode": "N/A", "quantity_on_hand": 2, "quantity_on_order": 0, "last_modified": "2023-06-05T00:00:00Z", "vendor": "1"}}, {"model": "pydb4.product", "pk": 44, "fields": {"name": "Coyote Monorail PTA Balloon Dilatation Catheter 4F (014)", "reference_id": "H74939185352210", "expiry_date": "2025-01-05T00:00:00Z", "ref_id_expiry_date": "H74939185352210***2025-01-05", "is_purchased": false, "size": "3.5mm-220mm-150cm", "barcode": "N/A", "quantity_on_hand": 1, "quantity_on_order": 0, "last_modified": "2023-06-02T00:00:00Z", "vendor": "1"}}, {"model": "pydb4.product", "pk": 92, "fields": {"name": "Sterling (Monorail) PTA Balloon Dilatation Catheter 4F (018)", "reference_id": "H74939031254010", "expiry_date": "2025-01-09T00:00:00Z", "ref_id_expiry_date": "H74939031254010***2025-01-09", "is_purchased": false, "size": "2.5mm-40mm-150cm", "barcode": "N/A", "quantity_on_hand": 1, "quantity_on_order": 0, "last_modified": "2023-06-02T00:00:00Z", "vendor": "1"}}, {"model": "pydb4.product", "pk": 153, "fields": {"name": "Jetstream XC (OTW) Atherectomy Catheter", "reference_id": "PV31300", "expiry_date": "2025-01-15T00:00:00Z", "ref_id_expiry_date": "PV31300***2025-01-15", "is_purchased": true, "size": "2.1mm/3.0mm-7Fr-135cm", "barcode": "N/A", "quantity_on_hand": 22, "quantity_on_order": 0, "last_modified": "2023-06-02T00:00:00Z", "vendor": "1"}}, {"model": "pydb4.product", "pk": 211, "fields": {"name": "Peripheral RotaLink Plus Pre-Connected Exchangeable Burr Catheter and Burr Advancing Device", "reference_id": "M0011401500", "expiry_date": "2025-01-15T00:00:00Z", "ref_id_expiry_date": "M0011401500***2025-01-15", "is_purchased": true, "size": "1.50mm", "barcode": "N/A", "quantity_on_hand": 10, "quantity_on_order": 0, "last_modified": "2023-06-09T00:00:00Z", "vendor": "1"}}, {"model": "pydb4.product", "pk": 126, "fields": {"name": "Express SD Renal/Biliary (Monorail) Premounted Stent System 5F (018)", "reference_id": "H74937911515150", "expiry_date": "2025-01-17T00:00:00Z", "ref_id_expiry_date": "H74937911515150***2025-01-17", "is_purchased": false, "size": "5mm-15mm-150cm", "barcode": "N/A", "quantity_on_hand": 1, "quantity_on_order": 0, "last_modified": "2023-06-02T00:00:00Z", "vendor": "1"}}, {"model": "pydb4.product", "pk": 34, "fields": {"name": "Coyote Monorail PTA Balloon Dilatation Catheter 4F (014)", "reference_id": "H74939185201510", "expiry_date": "2025-01-18T00:00:00Z", "ref_id_expiry_date": "H74939185201510***2025-01-18", "is_purchased": false, "size": "2mm-150mm-150cm", "barcode": "N/A", "quantity_on_hand": 1, "quantity_on_order": 0, "last_modified": "2023-06-02T00:00:00Z", "vendor": "1"}}, {"model": "pydb4.product", "pk": 127, "fields": {"name": "Express SD Renal/Biliary (Monorail) Premounted Stent System 5F (018)", "reference_id": "H74937912519150", "expiry_date": "2025-01-18T00:00:00Z", "ref_id_expiry_date": "H74937912519150***2025-01-18", "is_purchased": false, "size": "5mm-19mm-150cm", "barcode": "N/A", "quantity_on_hand": 1, "quantity_on_order": 0, "last_modified": "2023-06-02T00:00:00Z", "vendor": "1"}}, {"model": "pydb4.product", "pk": 35, "fields": {"name": "Coyote Monorail PTA Balloon Dilatation Catheter 4F (014)", "reference_id": "H74939185202210", "expiry_date": "2025-01-19T00:00:00Z", "ref_id_expiry_date": "H74939185202210***2025-01-19", "is_purchased": false, "size": "2mm-220mm-150cm", "barcode": "N/A", "quantity_on_hand": 1, "quantity_on_order": 0, "last_modified": "2023-06-02T00:00:00Z", "vendor": "1"}}, {"model": "pydb4.product", "pk": 46, "fields": {"name": "Coyote Monorail PTA Balloon Dilatation Catheter 4F (014)", "reference_id": "H74939185401510", "expiry_date": "2025-01-19T00:00:00Z", "ref_id_expiry_date": "H74939185401510***2025-01-19", "is_purchased": false, "size": "4mm-150mm-150cm", "barcode": "N/A", "quantity_on_hand": 1, "quantity_on_order": 0, "last_modified": "2023-06-02T00:00:00Z", "vendor": "1"}}, {"model": "pydb4.product", "pk": 47, "fields": {"name": "Coyote Monorail PTA Balloon Dilatation Catheter 4F (014)", "reference_id": "H74939185402210", "expiry_date": "2025-01-19T00:00:00Z", "ref_id_expiry_date": "H74939185402210***2025-01-19", "is_purchased": false, "size": "4mm-220mm-150cm", "barcode": "N/A", "quantity_on_hand": 1, "quantity_on_order": 0, "last_modified": "2023-06-02T00:00:00Z", "vendor": "1"}}, {"model": "pydb4.product", "pk": 236, "fields": {"name": "Venous WALLSTENT (Self-Expanding Stent)", "reference_id": "H74912044208070", "expiry_date": "2025-01-25T00:00:00Z", "ref_id_expiry_date": "H74912044208070***2025-01-25", "is_purchased": true, "size": "20mm-80mm-75cm", "barcode": "N/A", "quantity_on_hand": 2, "quantity_on_order": 0, "last_modified": "2023-06-12T00:00:00Z", "vendor": "1"}}, {"model": "pydb4.product", "pk": 40, "fields": {"name": "Coyote Monorail PTA Balloon Dilatation Catheter 4F (014)", "reference_id": "H74939185301510", "expiry_date": "2025-01-30T00:00:00Z", "ref_id_expiry_date": "H74939185301510***2025-01-30", "is_purchased": false, "size": "3mm-150mm-150cm", "barcode": "N/A", "quantity_on_hand": 1, "quantity_on_order": 0, "last_modified": "2023-06-02T00:00:00Z", "vendor": "1"}}, {"model": "pydb4.product", "pk": 93, "fields": {"name": "Sterling (Monorail) PTA Balloon Dilatation Catheter 4F (018)", "reference_id": "H74939031256010", "expiry_date": "2025-02-02T00:00:00Z", "ref_id_expiry_date": "H74939031256010***2025-02-02", "is_purchased": false, "size": "2.5mm-60mm-150cm", "barcode": "N/A", "quantity_on_hand": 1, "quantity_on_order": 0, "last_modified": "2023-06-02T00:00:00Z", "vendor": "1"}}, {"model": "pydb4.product", "pk": 103, "fields": {"name": "Sterling (OTW) PTA Balloon Dilatation Catheter 4F-5F-6F (018)", "reference_id": "H74939032350610", "expiry_date": "2025-02-06T00:00:00Z", "ref_id_expiry_date": "H74939032350610***2025-02-06", "is_purchased": false, "size": "3.5mm-60mm-150cm", "barcode": "N/A", "quantity_on_hand": 1, "quantity_on_order": 0, "last_modified": "2023-06-02T00:00:00Z", "vendor": "1"}}, {"model": "pydb4.product", "pk": 90, "fields": {"name": "Sterling (Monorail) PTA Balloon Dilatation Catheter 4F (018)", "reference_id": "H74939031204010", "expiry_date": "2025-02-07T00:00:00Z", "ref_id_expiry_date": "H74939031204010***2025-02-07", "is_purchased": false, "size": "2mm-40mm-150cm", "barcode": "N/A", "quantity_on_hand": 1, "quantity_on_order": 0, "last_modified": "2023-06-02T00:00:00Z", "vendor": "1"}}, {"model": "pydb4.product", "pk": 36, "fields": {"name": "Coyote Monorail PTA Balloon Dilatation Catheter 4F (014)", "reference_id": "H74939185251010", "expiry_date": "2025-02-10T00:00:00Z", "ref_id_expiry_date": "H74939185251010***2025-02-10", "is_purchased": false, "size": "2.5mm-100mm-150cm", "barcode": "N/A", "quantity_on_hand": 1, "quantity_on_order": 0, "last_modified": "2023-06-02T00:00:00Z", "vendor": "1"}}, {"model": "pydb4.product", "pk": 104, "fields": {"name": "Sterling (OTW) PTA Balloon Dilatation Catheter 4F-5F-6F (018)", "reference_id": "H74939032352210", "expiry_date": "2025-02-16T00:00:00Z", "ref_id_expiry_date": "H74939032352210***2025-02-16", "is_purchased": false, "size": "3.5mm-220mm-150cm", "barcode": "N/A", "quantity_on_hand": 1, "quantity_on_order": 0, "last_modified": "2023-06-02T00:00:00Z", "vendor": "1"}}, {"model": "pydb4.product", "pk": 105, "fields": {"name": "Sterling (OTW) PTA Balloon Dilatation Catheter 4F-5F-6F (018)", "reference_id": "H74939032408010", "expiry_date": "2025-02-21T00:00:00Z", "ref_id_expiry_date": "H74939032408010***2025-02-21", "is_purchased": false, "size": "4mm-80mm-135cm", "barcode": "N/A", "quantity_on_hand": 1, "quantity_on_order": 0, "last_modified": "2023-06-02T00:00:00Z", "vendor": "1"}}, {"model": "pydb4.product", "pk": 100, "fields": {"name": "Sterling (OTW) PTA Balloon Dilatation Catheter 4F-5F-6F (018)", "reference_id": "H74939032300610", "expiry_date": "2025-02-28T00:00:00Z", "ref_id_expiry_date": "H74939032300610***2025-02-28", "is_purchased": false, "size": "3mm-60mm-150cm", "barcode": "N/A", "quantity_on_hand": 1, "quantity_on_order": 0, "last_modified": "2023-06-02T00:00:00Z", "vendor": "1"}}, {"model": "pydb4.product", "pk": 109, "fields": {"name": "Sterling (OTW) PTA Balloon Dilatation Catheter 4F-5F-6F (018)", "reference_id": "H74939032506010", "expiry_date": "2025-02-28T00:00:00Z", "ref_id_expiry_date": "H74939032506010***2025-02-28", "is_purchased": false, "size": "5mm-60mm-135cm", "barcode": "N/A", "quantity_on_hand": 1, "quantity_on_order": 0, "last_modified": "2023-06-02T00:00:00Z", "vendor": "1"}}, {"model": "pydb4.product", "pk": 99, "fields": {"name": "Sterling (OTW) PTA Balloon Dilatation Catheter 4F-5F-6F (018)", "reference_id": "H74939032300410", "expiry_date": "2025-03-01T00:00:00Z", "ref_id_expiry_date": "H74939032300410***2025-03-01", "is_purchased": false, "size": "3mm-40mm-150cm", "barcode": "N/A", "quantity_on_hand": 1, "quantity_on_order": 0, "last_modified": "2023-06-02T00:00:00Z", "vendor": "1"}}, {"model": "pydb4.product", "pk": 102, "fields": {"name": "Sterling (OTW) PTA Balloon Dilatation Catheter 4F-5F-6F (018)", "reference_id": "H74939032350510", "expiry_date": "2025-03-01T00:00:00Z", "ref_id_expiry_date": "H74939032350510***2025-03-01", "is_purchased": false, "size": "3.5mm-40mm-150cm", "barcode": "N/A", "quantity_on_hand": 1, "quantity_on_order": 0, "last_modified": "2023-06-02T00:00:00Z", "vendor": "1"}}, {"model": "pydb4.product", "pk": 111, "fields": {"name": "Sterling (OTW) PTA Balloon Dilatation Catheter 4F-5F-6F (018)", "reference_id": "H74939032501510", "expiry_date": "2025-03-01T00:00:00Z", "ref_id_expiry_date": "H74939032501510***2025-03-01", "is_purchased": false, "size": "5mm-150mm-150cm", "barcode": "N/A", "quantity_on_hand": 1, "quantity_on_order": 0, "last_modified": "2023-06-02T00:00:00Z", "vendor": "1"}}, {"model": "pydb4.product", "pk": 115, "fields": {"name": "Sterling (OTW) PTA Balloon Dilatation Catheter 4F-5F-6F (018)", "reference_id": "H74939032608010", "expiry_date": "2025-03-01T00:00:00Z", "ref_id_expiry_date": "H74939032608010***2025-03-01", "is_purchased": false, "size": "6mm-80mm-135cm", "barcode": "N/A", "quantity_on_hand": 1, "quantity_on_order": 0, "last_modified": "2023-06-02T00:00:00Z", "vendor": "1"}}, {"model": "pydb4.product", "pk": 101, "fields": {"name": "Sterling (OTW) PTA Balloon Dilatation Catheter 4F-5F-6F (018)", "reference_id": "H74939032302210", "expiry_date": "2025-03-02T00:00:00Z", "ref_id_expiry_date": "H74939032302210***2025-03-02", "is_purchased": false, "size": "3mm-220mm-150cm", "barcode": "N/A", "quantity_on_hand": 1, "quantity_on_order": 0, "last_modified": "2023-06-02T00:00:00Z", "vendor": "1"}}, {"model": "pydb4.product", "pk": 108, "fields": {"name": "Sterling (OTW) PTA Balloon Dilatation Catheter 4F-5F-6F (018)", "reference_id": "H74939032504010", "expiry_date": "2025-03-02T00:00:00Z", "ref_id_expiry_date": "H74939032504010***2025-03-02", "is_purchased": false, "size": "5mm-40mm-135cm", "barcode": "N/A", "quantity_on_hand": 1, "quantity_on_order": 0, "last_modified": "2023-06-02T00:00:00Z", "vendor": "1"}}, {"model": "pydb4.product", "pk": 113, "fields": {"name": "Sterling (OTW) PTA Balloon Dilatation Catheter 4F-5F-6F (018)", "reference_id": "H74939032604010", "expiry_date": "2025-03-02T00:00:00Z", "ref_id_expiry_date": "H74939032604010***2025-03-02", "is_purchased": false, "size": "6mm-40mm-135cm", "barcode": "N/A", "quantity_on_hand": 1, "quantity_on_order": 0, "last_modified": "2023-06-02T00:00:00Z", "vendor": "1"}}, {"model": "pydb4.product", "pk": 120, "fields": {"name": "Sterling (OTW) PTA Balloon Dilatation Catheter 4F-5F-6F (018)", "reference_id": "H74939032706010", "expiry_date": "2025-03-02T00:00:00Z", "ref_id_expiry_date": "H74939032706010***2025-03-02", "is_purchased": false, "size": "7mm-60mm-135cm", "barcode": "N/A", "quantity_on_hand": 1, "quantity_on_order": 0, "last_modified": "2023-06-02T00:00:00Z", "vendor": "1"}}, {"model": "pydb4.product", "pk": 122, "fields": {"name": "Sterling (OTW) PTA Balloon Dilatation Catheter 4F-5F-6F (018)", "reference_id": "H74939032701010", "expiry_date": "2025-03-02T00:00:00Z", "ref_id_expiry_date": "H74939032701010***2025-03-02", "is_purchased": false, "size": "7mm-100mm-135cm", "barcode": "N/A", "quantity_on_hand": 1, "quantity_on_order": 0, "last_modified": "2023-06-02T00:00:00Z", "vendor": "1"}}, {"model": "pydb4.product", "pk": 98, "fields": {"name": "Sterling (OTW) PTA Balloon Dilatation Catheter 4F-5F-6F (018)", "reference_id": "H74939032252210", "expiry_date": "2025-03-03T00:00:00Z", "ref_id_expiry_date": "H74939032252210***2025-03-03", "is_purchased": false, "size": "2.5mm-220mm-150cm", "barcode": "N/A", "quantity_on_hand": 1, "quantity_on_order": 0, "last_modified": "2023-06-02T00:00:00Z", "vendor": "1"}}, {"model": "pydb4.product", "pk": 112, "fields": {"name": "Sterling (OTW) PTA Balloon Dilatation Catheter 4F-5F-6F (018)", "reference_id": "H74939032502110", "expiry_date": "2025-03-03T00:00:00Z", "ref_id_expiry_date": "H74939032502110***2025-03-03", "is_purchased": false, "size": "5mm-200mm-150cm", "barcode": "N/A", "quantity_on_hand": 1, "quantity_on_order": 0, "last_modified": "2023-06-02T00:00:00Z", "vendor": "1"}}, {"model": "pydb4.product", "pk": 116, "fields": {"name": "Sterling (OTW) PTA Balloon Dilatation Catheter 4F-5F-6F (018)", "reference_id": "H74939032601010", "expiry_date": "2025-03-03T00:00:00Z", "ref_id_expiry_date": "H74939032601010***2025-03-03", "is_purchased": false, "size": "6mm-100mm-135cm", "barcode": "N/A", "quantity_on_hand": 1, "quantity_on_order": 0, "last_modified": "2023-06-02T00:00:00Z", "vendor": "1"}}, {"model": "pydb4.product", "pk": 162, "fields": {"name": "OptiCross 18 30MHz Peripheral Imaging Catheter (018)", "reference_id": "H7493932800180", "expiry_date": "2025-03-03T00:00:00Z", "ref_id_expiry_date": "H7493932800180***2025-03-03", "is_purchased": true, "size": "3.6Fr-135cm", "barcode": "N/A", "quantity_on_hand": 2, "quantity_on_order": 0, "last_modified": "2023-06-02T00:00:00Z", "vendor": "1"}}, {"model": "pydb4.product", "pk": 110, "fields": {"name": "Sterling (OTW) PTA Balloon Dilatation Catheter 4F-5F-6F (018)", "reference_id": "H74939032508010", "expiry_date": "2025-03-06T00:00:00Z", "ref_id_expiry_date": "H74939032508010***2025-03-06", "is_purchased": false, "size": "5mm-80mm-135cm", "barcode": "N/A", "quantity_on_hand": 1, "quantity_on_order": 0, "last_modified": "2023-06-02T00:00:00Z", "vendor": "1"}}, {"model": "pydb4.product", "pk": 117, "fields": {"name": "Sterling (OTW) PTA Balloon Dilatation Catheter 4F-5F-6F (018)", "reference_id": "H74939032601510", "expiry_date": "2025-03-06T00:00:00Z", "ref_id_expiry_date": "H74939032601510***2025-03-06", "is_purchased": false, "size": "6mm-150mm-150cm", "barcode": "N/A", "quantity_on_hand": 1, "quantity_on_order": 0, "last_modified": "2023-06-02T00:00:00Z", "vendor": "1"}}, {"model": "pydb4.product", "pk": 121, "fields": {"name": "Sterling (OTW) PTA Balloon Dilatation Catheter 4F-5F-6F (018)", "reference_id": "H74939032708010", "expiry_date": "2025-03-06T00:00:00Z", "ref_id_expiry_date": "H74939032708010***2025-03-06", "is_purchased": false, "size": "7mm-80mm-135cm", "barcode": "N/A", "quantity_on_hand": 1, "quantity_on_order": 0, "last_modified": "2023-06-02T00:00:00Z", "vendor": "1"}}, {"model": "pydb4.product", "pk": 97, "fields": {"name": "Sterling (OTW) PTA Balloon Dilatation Catheter 4F-5F-6F (018)", "reference_id": "H74939032202210", "expiry_date": "2025-03-07T00:00:00Z", "ref_id_expiry_date": "H74939032202210***2025-03-07", "is_purchased": false, "size": "2mm-220mm-150cm", "barcode": "N/A", "quantity_on_hand": 1, "quantity_on_order": 0, "last_modified": "2023-06-02T00:00:00Z", "vendor": "1"}}, {"model": "pydb4.product", "pk": 107, "fields": {"name": "Sterling (OTW) PTA Balloon Dilatation Catheter 4F-5F-6F (018)", "reference_id": "H74939032402210", "expiry_date": "2025-03-07T00:00:00Z", "ref_id_expiry_date": "H74939032402210***2025-03-07", "is_purchased": false, "size": "4mm-220mm-150cm", "barcode": "N/A", "quantity_on_hand": 1, "quantity_on_order": 0, "last_modified": "2023-06-02T00:00:00Z", "vendor": "1"}}, {"model": "pydb4.product", "pk": 114, "fields": {"name": "Sterling (OTW) PTA Balloon Dilatation Catheter 4F-5F-6F (018)", "reference_id": "H74939032606010", "expiry_date": "2025-03-08T00:00:00Z", "ref_id_expiry_date": "H74939032606010***2025-03-08", "is_purchased": false, "size": "6mm-60mm-135cm", "barcode": "N/A", "quantity_on_hand": 1, "quantity_on_order": 0, "last_modified": "2023-06-02T00:00:00Z", "vendor": "1"}}, {"model": "pydb4.product", "pk": 119, "fields": {"name": "Sterling (OTW) PTA Balloon Dilatation Catheter 4F-5F-6F (018)", "reference_id": "H74939032704010", "expiry_date": "2025-03-08T00:00:00Z", "ref_id_expiry_date": "H74939032704010***2025-03-08", "is_purchased": false, "size": "7mm-40mm-135cm", "barcode": "N/A", "quantity_on_hand": 1, "quantity_on_order": 0, "last_modified": "2023-06-02T00:00:00Z", "vendor": "1"}}, {"model": "pydb4.product", "pk": 124, "fields": {"name": "Sterling (OTW) PTA Balloon Dilatation Catheter 4F-5F-6F (018)", "reference_id": "H74939032702110", "expiry_date": "2025-03-09T00:00:00Z", "ref_id_expiry_date": "H74939032702110***2025-03-09", "is_purchased": false, "size": "7mm-200mm-150cm", "barcode": "N/A", "quantity_on_hand": 1, "quantity_on_order": 0, "last_modified": "2023-06-02T00:00:00Z", "vendor": "1"}}, {"model": "pydb4.product", "pk": 118, "fields": {"name": "Sterling (OTW) PTA Balloon Dilatation Catheter 4F-5F-6F (018)", "reference_id": "H74939032602110", "expiry_date": "2025-03-10T00:00:00Z", "ref_id_expiry_date": "H74939032602110***2025-03-10", "is_purchased": false, "size": "6mm-200mm-150cm", "barcode": "N/A", "quantity_on_hand": 1, "quantity_on_order": 0, "last_modified": "2023-06-02T00:00:00Z", "vendor": "1"}}, {"model": "pydb4.product", "pk": 38, "fields": {"name": "Coyote Monorail PTA Balloon Dilatation Catheter 4F (014)", "reference_id": "H74939185252210", "expiry_date": "2025-03-13T00:00:00Z", "ref_id_expiry_date": "H74939185252210***2025-03-13", "is_purchased": false, "size": "2.5mm-220mm-150cm", "barcode": "N/A", "quantity_on_hand": 1, "quantity_on_order": 0, "last_modified": "2023-06-02T00:00:00Z", "vendor": "1"}}, {"model": "pydb4.product", "pk": 123, "fields": {"name": "Sterling (OTW) PTA Balloon Dilatation Catheter 4F-5F-6F (018)", "reference_id": "H74939032701510", "expiry_date": "2025-03-14T00:00:00Z", "ref_id_expiry_date": "H74939032701510***2025-03-14", "is_purchased": false, "size": "7mm-150mm-150cm", "barcode": "N/A", "quantity_on_hand": 1, "quantity_on_order": 0, "last_modified": "2023-06-02T00:00:00Z", "vendor": "1"}}, {"model": "pydb4.product", "pk": 235, "fields": {"name": "Venous WALLSTENT (Self-Expanding Stent)", "reference_id": "H74912044189070", "expiry_date": "2025-03-22T00:00:00Z", "ref_id_expiry_date": "H74912044189070***2025-03-22", "is_purchased": true, "size": "18mm-90mm-75cm", "barcode": "N/A", "quantity_on_hand": 1, "quantity_on_order": 0, "last_modified": "2023-06-12T00:00:00Z", "vendor": "1"}}, {"model": "pydb4.product", "pk": 91, "fields": {"name": "Sterling (Monorail) PTA Balloon Dilatation Catheter 4F (018)", "reference_id": "H74939031206010", "expiry_date": "2025-03-31T00:00:00Z", "ref_id_expiry_date": "H74939031206010***2025-03-31", "is_purchased": false, "size": "2mm-60mm-150cm", "barcode": "N/A", "quantity_on_hand": 1, "quantity_on_order": 0, "last_modified": "2023-06-02T00:00:00Z", "vendor": "1"}}, {"model": "pydb4.product", "pk": 94, "fields": {"name": "Sterling (Monorail) PTA Balloon Dilatation Catheter 4F (018)", "reference_id": "H74939031404010", "expiry_date": "2025-04-06T00:00:00Z", "ref_id_expiry_date": "H74939031404010***2025-04-06", "is_purchased": false, "size": "4mm-40mm-135cm", "barcode": "N/A", "quantity_on_hand": 1, "quantity_on_order": 0, "last_modified": "2023-06-02T00:00:00Z", "vendor": "1"}}, {"model": "pydb4.product", "pk": 157, "fields": {"name": "Epic Vascular (OTW) Self-Expanding Stent System (035)", "reference_id": "H74939200106020", "expiry_date": "2025-07-01T00:00:00Z", "ref_id_expiry_date": "H74939200106020***2025-07-01", "is_purchased": false, "size": "10mm-60mm-120cm", "barcode": "N/A", "quantity_on_hand": 1, "quantity_on_order": 0, "last_modified": "2023-06-02T00:00:00Z", "vendor": "1"}}, {"model": "pydb4.product", "pk": 106, "fields": {"name": "Sterling (OTW) PTA Balloon Dilatation Catheter 4F-5F-6F (018)", "reference_id": "H74939032401010", "expiry_date": "2025-09-20T00:00:00Z", "ref_id_expiry_date": "H74939032401010***2025-09-20", "is_purchased": false, "size": "4mm-100mm-135cm", "barcode": "N/A", "quantity_on_hand": 1, "quantity_on_order": 0, "last_modified": "2023-06-02T00:00:00Z", "vendor": "1"}}, {"model": "pydb4.product", "pk": 125, "fields": {"name": "Express SD Renal/Biliary (Monorail) Premounted Stent System 5F (018)", "reference_id": "H74937911415150", "expiry_date": "2025-10-11T00:00:00Z", "ref_id_expiry_date": "H74937911415150***2025-10-11", "is_purchased": false, "size": "4mm-15mm-150cm", "barcode": "N/A", "quantity_on_hand": 1, "quantity_on_order": 0, "last_modified": "2023-06-02T00:00:00Z", "vendor": "1"}}, {"model": "pydb4.product", "pk": 237, "fields": {"name": "Super Sheath", "reference_id": "15-722B", "expiry_date": "2025-10-31T00:00:00Z", "ref_id_expiry_date": "15-722B***2025-10-31", "is_purchased": true, "size": "6Fr", "barcode": "N/A", "quantity_on_hand": 10, "quantity_on_order": 0, "last_modified": "2023-06-05T00:00:00Z", "vendor": "1"}}, {"model": "pydb4.product", "pk": 148, "fields": {"name": "Innova Vascular (OTW) Self-Expanding Stent System (035)", "reference_id": "H74939293080230", "expiry_date": "2026-10-25T00:00:00Z", "ref_id_expiry_date": "H74939293080230***2026-10-25", "is_purchased": false, "size": "8mm-20mm-130cm", "barcode": "N/A", "quantity_on_hand": 1, "quantity_on_order": 0, "last_modified": "2023-06-02T00:00:00Z", "vendor": "1"}}, {"model": "pydb4.product", "pk": 136, "fields": {"name": "Innova Vascular (OTW) Self-Expanding Stent System (035)", "reference_id": "H74939293058030", "expiry_date": "2026-11-01T00:00:00Z", "ref_id_expiry_date": "H74939293058030***2026-11-01", "is_purchased": false, "size": "5mm-80mm-130cm", "barcode": "N/A", "quantity_on_hand": 1, "quantity_on_order": 0, "last_modified": "2023-06-02T00:00:00Z", "vendor": "1"}}, {"model": "pydb4.product", "pk": 150, "fields": {"name": "Innova Vascular (OTW) Self-Expanding Stent System (035)", "reference_id": "H74939293086030", "expiry_date": "2026-11-01T00:00:00Z", "ref_id_expiry_date": "H74939293086030***2026-11-01", "is_purchased": false, "size": "8mm-60mm-130cm", "barcode": "N/A", "quantity_on_hand": 1, "quantity_on_order": 0, "last_modified": "2023-06-02T00:00:00Z", "vendor": "1"}}, {"model": "pydb4.product", "pk": 154, "fields": {"name": "Epic Vascular (OTW) Self-Expanding Stent System (035)", "reference_id": "H74939200094020", "expiry_date": "2026-11-30T00:00:00Z", "ref_id_expiry_date": "H74939200094020***2026-11-30", "is_purchased": false, "size": "9mm-40mm-120cm", "barcode": "N/A", "quantity_on_hand": 1, "quantity_on_order": 0, "last_modified": "2023-06-02T00:00:00Z", "vendor": "1"}}, {"model": "pydb4.product", "pk": 149, "fields": {"name": "Innova Vascular (OTW) Self-Expanding Stent System (035)", "reference_id": "H74939293084030", "expiry_date": "2026-12-02T00:00:00Z", "ref_id_expiry_date": "H74939293084030***2026-12-02", "is_purchased": false, "size": "8mm-40mm-130cm", "barcode": "N/A", "quantity_on_hand": 1, "quantity_on_order": 0, "last_modified": "2023-06-02T00:00:00Z", "vendor": "1"}}, {"model": "pydb4.product", "pk": 138, "fields": {"name": "Innova Vascular (OTW) Self-Expanding Stent System (035)", "reference_id": "H74939293051230", "expiry_date": "2026-12-05T00:00:00Z", "ref_id_expiry_date": "H74939293051230***2026-12-05", "is_purchased": false, "size": "5mm-120mm-130cm", "barcode": "N/A", "quantity_on_hand": 1, "quantity_on_order": 0, "last_modified": "2023-06-02T00:00:00Z", "vendor": "1"}}, {"model": "pydb4.product", "pk": 144, "fields": {"name": "Innova Vascular (OTW) Self-Expanding Stent System (035)", "reference_id": "H74939293061230", "expiry_date": "2026-12-12T00:00:00Z", "ref_id_expiry_date": "H74939293061230***2026-12-12", "is_purchased": false, "size": "6mm-120mm-130cm", "barcode": "N/A", "quantity_on_hand": 1, "quantity_on_order": 0, "last_modified": "2023-06-02T00:00:00Z", "vendor": "1"}}, {"model": "pydb4.product", "pk": 137, "fields": {"name": "Innova Vascular (OTW) Self-Expanding Stent System (035)", "reference_id": "H74939293051030", "expiry_date": "2026-12-19T00:00:00Z", "ref_id_expiry_date": "H74939293051030***2026-12-19", "is_purchased": false, "size": "5mm-100mm-130cm", "barcode": "N/A", "quantity_on_hand": 1, "quantity_on_order": 0, "last_modified": "2023-06-02T00:00:00Z", "vendor": "1"}}, {"model": "pydb4.product", "pk": 141, "fields": {"name": "Innova Vascular (OTW) Self-Expanding Stent System (035)", "reference_id": "H74939293061030", "expiry_date": "2026-12-20T00:00:00Z", "ref_id_expiry_date": "H74939293061030***2026-12-20", "is_purchased": false, "size": "6mm-100mm-130cm", "barcode": "N/A", "quantity_on_hand": 1, "quantity_on_order": 0, "last_modified": "2023-06-02T00:00:00Z", "vendor": "1"}}, {"model": "pydb4.product", "pk": 147, "fields": {"name": "Innova Vascular (OTW) Self-Expanding Stent System (035)", "reference_id": "H74939293071530", "expiry_date": "2027-01-17T00:00:00Z", "ref_id_expiry_date": "H74939293071530***2027-01-17", "is_purchased": false, "size": "7mm-150mm-130cm", "barcode": "N/A", "quantity_on_hand": 1, "quantity_on_order": 0, "last_modified": "2023-06-02T00:00:00Z", "vendor": "1"}}, {"model": "pydb4.product", "pk": 139, "fields": {"name": "Innova Vascular (OTW) Self-Expanding Stent System (035)", "reference_id": "H74939293051530", "expiry_date": "2027-01-23T00:00:00Z", "ref_id_expiry_date": "H74939293051530***2027-01-23", "is_purchased": false, "size": "5mm-150mm-130cm", "barcode": "N/A", "quantity_on_hand": 1, "quantity_on_order": 0, "last_modified": "2023-06-02T00:00:00Z", "vendor": "1"}}, {"model": "pydb4.product", "pk": 145, "fields": {"name": "Innova Vascular (OTW) Self-Expanding Stent System (035)", "reference_id": "H74939293061530", "expiry_date": "2027-01-27T00:00:00Z", "ref_id_expiry_date": "H74939293061530***2027-01-27", "is_purchased": false, "size": "6mm-150mm-130cm", "barcode": "N/A", "quantity_on_hand": 1, "quantity_on_order": 0, "last_modified": "2023-06-02T00:00:00Z", "vendor": "1"}}, {"model": "pydb4.product", "pk": 155, "fields": {"name": "Epic Vascular (OTW) Self-Expanding Stent System (035)", "reference_id": "H74939200096020", "expiry_date": "2027-02-03T00:00:00Z", "ref_id_expiry_date": "H74939200096020***2027-02-03", "is_purchased": false, "size": "9mm-60mm-120cm", "barcode": "N/A", "quantity_on_hand": 1, "quantity_on_order": 0, "last_modified": "2023-06-02T00:00:00Z", "vendor": "1"}}, {"model": "pydb4.product", "pk": 158, "fields": {"name": "Epic Vascular (OTW) Self-Expanding Stent System (035)", "reference_id": "H74939200124020", "expiry_date": "2027-02-07T00:00:00Z", "ref_id_expiry_date": "H74939200124020***2027-02-07", "is_purchased": false, "size": "12mm-40mm-120cm", "barcode": "N/A", "quantity_on_hand": 1, "quantity_on_order": 0, "last_modified": "2023-06-02T00:00:00Z", "vendor": "1"}}, {"model": "pydb4.product", "pk": 159, "fields": {"name": "Epic Vascular (OTW) Self-Expanding Stent System (035)", "reference_id": "H74939200126020", "expiry_date": "2027-02-201", "is_purchased": false, "size": "6mm-80mm-130cm", "barcode": "N/A", "quantity_on_hand": 1, "quantity_on_order": 0, "last_modified": "2023-06-02T00:00:00Z", "vendor": "1"}}, {"model": "pydb4.product", "pk": 385, "fields": {"name": "Extremely Large Balloon Test", "reference_id": "abc123987", "expiry_date": "2029-01-01T00:00:00Z", "ref_id_expiry_date": "abc123987***2029-01-01", "is_purchased": true, "size": "N/A", "barcode": "N/A", "quantity_on_hand": 1, "quantity_on_order": 0, "last_modified": "2023-06-13T20:32:12.159Z", "vendor": "1"}}] 